<?xml version="1.0" encoding="UTF-8"?>
<!DOCTYPE dwr PUBLIC "-//GetAhead Limited//DTD Direct Web Remoting 3.0//EN" "http://getahead.org/dwr/dwr30.dtd">
<!-- DOCTYPE dwr PUBLIC "-//GetAhead Limited//DTD Direct Web Remoting 2.0//EN" "http://directwebremoting.org/schema/dwr20.dtd"-->
<dwr>
	<allow>
		<create creator="new" javascript="ListHomeworks">
			<param name="class" value="com.kenai.puj.arena.web.dwr.ListHomeworks" />
		</create>
		<create creator="new" javascript="ListInstitution">
			<param name="class" value="com.kenai.puj.arena.web.dwr.ListInstitution" />
		</create>
		<create creator="new" javascript="ListCompetitions">
			<param name="class" value="com.kenai.puj.arena.web.dwr.ListCompetitions" />
		</create>
		<create creator="new" javascript="RegisterUser">
			<param name="class" value="com.kenai.puj.arena.web.dwr.RegisterUser" />
		</create>
		<create creator="new" javascript="ListAdvertisements">
			<param name="class" value="com.kenai.puj.arena.web.dwr.ListAdvertisements" />
		</create>

		<!-- we can even use wildcards -->
		<!--
			convert converter="bean" match="com.kenai.puj.arena.model.entity.*"/
		-->
		<!--
			convert converter="object"
			match="com.kenai.puj.arena.model.entity.PujInstitutionEntity" />
			<convert converter="object"
			match="com.kenai.puj.arena.model.entity.PujCompetitionEntity" /
		-->

		<convert converter="bean" match="com.kenai.puj.arena.model.entity.*" />
		<convert match="com.kenai.puj.arena.model.entity.PujAbstractRootEntity" converter="bean"/>
		<convert match="com.kenai.puj.arena.model.entity.PujInstitutionEntity" converter="bean"/>
		<convert converter="object" match="java.lang.Class" />
		
		


		<!-- we can convert inner-things too -->
		<convert converter="enum"
			match="com.kenai.puj.arena.model.entity.PujCompetitionEntity$CompetitionStatus" />

		<!-- we can handle exceptions as well -->
		<convert converter="exception" match="java.lang.Exception" />
	</allow>
</dwr>
