<?xml version="1.0" encoding="UTF-8"?>
<!DOCTYPE sun-web-app PUBLIC "-//Sun Microsystems, Inc.//DTD Application Server 9.0 Servlet 2.5//EN" "http://www.sun.com/software/appserver/dtds/sun-web-app_2_5-0.dtd">
<sun-web-app error-url="">
	<context-root>/arena-http</context-root>
	<security-role-mapping>
		<role-name>SYS_ADMIN</role-name>
		<group-name>SYS_ADMIN</group-name>
	</security-role-mapping>

	<security-role-mapping>
		<role-name>sponsor</role-name>
		<group-name>sponsors</group-name>
	</security-role-mapping>

	<security-role-mapping>
		<role-name>sys_admin</role-name>
		<group-name>sponsors</group-name>
	</security-role-mapping>

	<security-role-mapping>
		<role-name>manager</role-name>
		<group-name>manager</group-name>
	</security-role-mapping>
	<security-role-mapping>
		<role-name>professor</role-name>
		<group-name>professor</group-name>
	</security-role-mapping>
	<!--
		security-role-mapping> <role-name>professor</role-name>
		<group-name>evaluator</group-name> </security-role-mapping
	-->
	<security-role-mapping>
		<role-name>student</role-name>
		<group-name>evaluator</group-name>
	</security-role-mapping>

	<security-role-mapping>
		<role-name>senior_pro</role-name>
		<group-name>evaluator</group-name>
	</security-role-mapping>

	<class-loader delegate="true" />
	<jsp-config>
		<property name="keepgenerated" value="true">
			<description>Keep a copy of the generated servlet class' java code.</description>
		</property>
	</jsp-config>
</sun-web-app>
